timestamp,pid,proc_name,score,label,pkts
2026-01-21 20:07:32,11252,svchost,0.999998,Normal Traffic,15
2026-01-21 20:07:41,22020,brave,0.999997,Normal Traffic,13
2026-01-21 20:07:44,23116,Code,0.999997,Normal Traffic,26
2026-01-21 20:07:45,2776,svchost,0.002996,DoS,2
2026-01-21 20:08:00,22020,brave,0.999995,Normal Traffic,25
2026-01-21 20:08:01,22020,brave,0.999992,Normal Traffic,42
2026-01-21 20:08:01,22020,brave,0.999987,Normal Traffic,5
2026-01-21 20:08:02,22020,brave,0.999932,Normal Traffic,291
2026-01-21 20:08:03,22020,brave,0.999985,Normal Traffic,157
2026-01-21 20:08:03,22020,brave,0.999987,Normal Traffic,160
2026-01-21 20:08:04,22020,brave,0.999997,Normal Traffic,178
2026-01-21 20:08:04,22020,brave,0.999998,Normal Traffic,61
2026-01-21 20:08:04,22020,brave,0.999993,Normal Traffic,85
2026-01-21 20:08:05,22020,brave,0.999972,Normal Traffic,343
2026-01-21 20:08:05,22020,brave,0.999998,Normal Traffic,10
2026-01-21 20:08:08,22020,brave,0.999993,Normal Traffic,54
2026-01-21 20:08:10,22020,brave,0.999999,Normal Traffic,41
2026-01-21 20:08:12,22020,brave,0.999999,Normal Traffic,32
2026-01-21 20:08:12,10404,lgc,0.999988,Normal Traffic,6
2026-01-21 20:08:13,22020,brave,0.999982,Normal Traffic,6
2026-01-21 20:08:14,10404,lgc,0.927137,Normal Traffic,33
2026-01-21 20:08:17,23116,Code,0.999996,Normal Traffic,8
2026-01-21 20:08:18,24404,GameBar,0.999998,Normal Traffic,11
2026-01-21 20:08:19,24404,GameBar,0.999999,Normal Traffic,18
2026-01-21 20:08:20,24700,msedge,0.999998,Normal Traffic,12
2026-01-21 20:08:20,24700,msedge,0.999991,Normal Traffic,17
2026-01-21 20:08:21,24700,msedge,0.999998,Normal Traffic,29
2026-01-21 20:08:21,24700,msedge,0.999999,Normal Traffic,14
2026-01-21 20:08:21,5024,msedge,0.999987,Normal Traffic,70
2026-01-21 20:08:22,24700,msedge,0.999996,Normal Traffic,12
2026-01-21 20:08:22,2776,svchost,0.491279,DoS,2
2026-01-21 20:08:25,18956,tanksblitz,0.999992,Normal Traffic,8
2026-01-21 20:08:25,18956,tanksblitz,0.999999,Normal Traffic,10
2026-01-21 20:08:25,18956,tanksblitz,0.999999,Normal Traffic,8
2026-01-21 20:08:25,18956,tanksblitz,0.999998,Normal Traffic,8
2026-01-21 20:08:30,24700,msedge,0.999991,Normal Traffic,7
2026-01-21 20:08:31,23116,Code,0.999997,Normal Traffic,25
2026-01-21 20:08:31,24700,msedge,0.999998,Normal Traffic,7
2026-01-21 20:08:31,24700,msedge,0.999999,Normal Traffic,12
2026-01-21 20:08:36,22020,brave,0.999998,Normal Traffic,35
2026-01-21 20:08:45,8708,Code,0.999994,Normal Traffic,1
2026-01-21 20:08:50,24700,msedge,0.999997,Normal Traffic,10
2026-01-21 20:08:50,24700,msedge,0.999998,Normal Traffic,8
2026-01-21 20:08:51,24700,msedge,0.999990,Normal Traffic,48
2026-01-21 20:08:58,2288,svchost,0.999999,Normal Traffic,6
2026-01-21 20:09:03,18956,tanksblitz,0.999975,Normal Traffic,8
2026-01-21 20:09:03,18956,tanksblitz,0.996193,Normal Traffic,569
2026-01-21 20:09:03,18956,tanksblitz,0.999994,Normal Traffic,17
2026-01-21 20:09:03,18956,tanksblitz,1.000000,Normal Traffic,157
2026-01-21 20:09:03,18956,tanksblitz,0.999995,Normal Traffic,1334
2026-01-21 20:09:03,18956,tanksblitz,0.999995,Normal Traffic,45
2026-01-21 20:09:03,18956,tanksblitz,0.999997,Normal Traffic,102
2026-01-21 20:09:03,18956,tanksblitz,0.999994,Normal Traffic,38
2026-01-21 20:09:04,8708,Code,0.999974,Normal Traffic,10
2026-01-21 20:09:14,22020,brave,0.999999,Normal Traffic,27
2026-01-21 20:09:14,23116,Code,0.999997,Normal Traffic,8
2026-01-21 20:09:18,22020,brave,0.999998,Normal Traffic,28
2026-01-21 20:09:18,22020,brave,0.999999,Normal Traffic,72
2026-01-21 20:09:19,24700,msedge,0.999998,Normal Traffic,116
2026-01-21 20:09:19,24700,msedge,0.999997,Normal Traffic,99
2026-01-21 20:09:19,24700,msedge,0.999996,Normal Traffic,30
2026-01-21 20:09:19,24700,msedge,0.999998,Normal Traffic,12
2026-01-21 20:09:20,24700,msedge,0.999999,Normal Traffic,79
2026-01-21 20:09:20,24700,msedge,0.982913,Normal Traffic,108
2026-01-21 20:09:20,24700,msedge,0.999996,Normal Traffic,7
2026-01-21 20:09:21,23116,Code,0.999996,Normal Traffic,8
2026-01-21 20:09:22,6948,nvcontainer,0.999981,Normal Traffic,17
2026-01-21 20:09:22,22020,brave,0.999974,Normal Traffic,10
2026-01-21 20:09:22,2288,svchost,0.999974,Normal Traffic,10
2026-01-21 20:09:22,21728,brave,0.999974,Normal Traffic,10
2026-01-21 20:09:22,6948,nvcontainer,0.999981,Normal Traffic,11
2026-01-21 20:09:22,22020,brave,0.999967,Normal Traffic,7
2026-01-21 20:09:22,2288,svchost,0.999967,Normal Traffic,7
2026-01-21 20:09:22,21728,brave,0.999967,Normal Traffic,7
2026-01-21 20:09:22,5024,msedge,0.999995,Normal Traffic,7
2026-01-21 20:09:22,5024,msedge,0.999997,Normal Traffic,7
2026-01-21 20:09:24,24700,msedge,0.999998,Normal Traffic,14
2026-01-21 20:09:31,22020,brave,0.999994,Normal Traffic,1
2026-01-21 20:09:31,2776,svchost,0.342888,DoS,2
2026-01-21 20:09:43,23116,Code,0.999998,Normal Traffic,17
2026-01-21 20:09:45,4164,svchost,0.999995,Normal Traffic,59
2026-01-21 20:09:47,24404,GameBar,0.999994,Normal Traffic,1
2026-01-21 20:09:56,10404,lgc,0.999999,Normal Traffic,1
2026-01-21 20:09:57,22020,brave,0.999999,Normal Traffic,29
2026-01-21 20:10:03,22020,brave,0.999998,Normal Traffic,1
2026-01-21 20:10:08,2776,svchost,0.039529,DoS,3
2026-01-21 20:10:42,2288,svchost,0.999983,Normal Traffic,6
2026-01-21 20:10:49,22020,brave,0.999981,Normal Traffic,6
2026-01-21 20:10:55,23116,Code,0.999998,Normal Traffic,17
2026-01-21 20:10:58,22020,brave,0.999973,Normal Traffic,6
2026-01-21 20:11:00,22020,brave,0.999998,Normal Traffic,810
2026-01-21 20:11:02,22020,brave,1.000000,Normal Traffic,18
2026-01-21 20:11:04,22020,brave,0.999992,Normal Traffic,61
2026-01-21 20:11:04,22020,brave,0.999977,Normal Traffic,9
2026-01-21 20:11:05,22020,brave,0.999999,Normal Traffic,78
2026-01-21 20:11:05,22020,brave,0.999991,Normal Traffic,9
2026-01-21 20:11:07,22020,brave,0.999997,Normal Traffic,18
2026-01-21 20:11:09,22020,brave,1.000000,Normal Traffic,72
2026-01-21 20:11:13,22020,brave,0.999998,Normal Traffic,116
2026-01-21 20:11:18,22020,brave,0.999992,Normal Traffic,12
2026-01-21 20:11:22,22020,brave,0.999999,Normal Traffic,102
2026-01-21 20:11:24,24700,msedge,0.999998,Normal Traffic,1
2026-01-21 20:11:25,22020,brave,0.999989,Normal Traffic,1624
2026-01-21 20:11:31,22020,brave,0.999991,Normal Traffic,25
2026-01-21 20:11:37,23116,Code,0.999995,Normal Traffic,7
2026-01-21 20:11:42,22020,brave,0.999985,Normal Traffic,1
2026-01-21 20:11:43,23116,Code,0.999997,Normal Traffic,27
2026-01-21 20:11:53,24536,python,0.751133,Normal Traffic,4
2026-01-21 20:11:57,17200,chrome,0.999994,Normal Traffic,3000
2026-01-21 20:11:58,10404,lgc,0.004577,DoS,2
2026-01-21 20:12:04,22020,brave,0.999999,Normal Traffic,1
2026-01-21 20:12:05,22020,brave,0.999996,Normal Traffic,61
2026-01-21 20:12:07,17200,chrome,0.999956,Normal Traffic,3000
2026-01-21 20:12:12,10992,gamingservices,0.999996,Normal Traffic,12
2026-01-21 20:12:13,17200,chrome,0.999991,Normal Traffic,3000
2026-01-21 20:12:15,8708,Code,0.999993,Normal Traffic,27
2026-01-21 20:12:29,22020,brave,0.999998,Normal Traffic,27
2026-01-21 20:12:29,22020,brave,0.999994,Normal Traffic,53
2026-01-21 20:12:29,22020,brave,0.999994,Normal Traffic,55
2026-01-21 20:12:29,22020,brave,0.999996,Normal Traffic,73
2026-01-21 20:12:31,16396,msedgewebview2,0.999997,Normal Traffic,13
2026-01-21 20:12:31,12976,svchost,0.999999,Normal Traffic,36
2026-01-21 20:12:31,24700,msedge,0.999996,Normal Traffic,7
2026-01-21 20:12:31,24700,msedge,0.999994,Normal Traffic,9
2026-01-21 20:12:31,24700,msedge,0.999997,Normal Traffic,10
2026-01-21 20:12:31,20600,Wireshark,0.999995,Normal Traffic,8
2026-01-21 20:12:31,23660,msedgewebview2,0.999999,Normal Traffic,14
2026-01-21 20:12:31,23660,msedgewebview2,0.999999,Normal Traffic,23
2026-01-21 20:12:31,24700,msedge,0.999996,Normal Traffic,2
2026-01-21 20:12:31,23660,msedgewebview2,0.999994,Normal Traffic,11
2026-01-21 20:12:33,23660,msedgewebview2,0.999998,Normal Traffic,32
2026-01-21 20:12:36,16396,msedgewebview2,0.999998,Normal Traffic,5
2026-01-21 20:12:37,17200,chrome,0.999982,Normal Traffic,3000
2026-01-21 20:12:37,22020,brave,0.999999,Normal Traffic,24
2026-01-21 20:12:42,22020,brave,0.999990,Normal Traffic,81
2026-01-21 20:12:43,17200,chrome,0.999967,Normal Traffic,3000
2026-01-21 20:12:48,22020,brave,0.999999,Normal Traffic,1
2026-01-21 20:12:49,17200,chrome,0.999984,Normal Traffic,3000
2026-01-21 20:12:57,17200,chrome,0.999959,Normal Traffic,3000
2026-01-21 20:13:02,17200,chrome,0.999999,Normal Traffic,12
2026-01-21 20:13:02,17200,chrome,0.001172,DoS,2
2026-01-21 20:13:03,17200,chrome,0.999991,Normal Traffic,76
2026-01-21 20:13:03,17200,chrome,0.999999,Normal Traffic,38
2026-01-21 20:13:03,17200,chrome,0.999989,Normal Traffic,32
2026-01-21 20:13:03,17200,chrome,0.999991,Normal Traffic,16
2026-01-21 20:13:03,17200,chrome,0.999993,Normal Traffic,14
2026-01-21 20:13:03,17200,chrome,0.999998,Normal Traffic,13
2026-01-21 20:13:03,17200,chrome,0.999997,Normal Traffic,20
2026-01-21 20:13:04,16396,msedgewebview2,0.999999,Normal Traffic,722
2026-01-21 20:13:04,17200,chrome,0.999996,Normal Traffic,12
2026-01-21 20:13:05,17200,chrome,0.999998,Normal Traffic,18
2026-01-21 20:13:05,17200,chrome,0.999998,Normal Traffic,26
2026-01-21 20:13:06,17200,chrome,0.999996,Normal Traffic,17
2026-01-21 20:13:06,17200,chrome,0.999998,Normal Traffic,16
2026-01-21 20:13:06,17200,chrome,0.999997,Normal Traffic,10
2026-01-21 20:13:07,17200,chrome,0.999999,Normal Traffic,25
2026-01-21 20:13:07,17200,chrome,0.999993,Normal Traffic,21
2026-01-21 20:13:08,17200,chrome,0.999967,Normal Traffic,3000
2026-01-21 20:13:08,17200,chrome,0.999994,Normal Traffic,81
2026-01-21 20:13:08,17200,chrome,0.999996,Normal Traffic,159
2026-01-21 20:13:08,16408,chrome,0.999996,Normal Traffic,6
2026-01-21 20:13:08,6948,nvcontainer,0.999996,Normal Traffic,3
2026-01-21 20:13:08,22020,brave,0.999996,Normal Traffic,3
2026-01-21 20:13:08,2288,svchost,0.999996,Normal Traffic,3
2026-01-21 20:13:08,21728,brave,0.999996,Normal Traffic,3
2026-01-21 20:13:08,5024,msedge,0.999996,Normal Traffic,3
2026-01-21 20:13:09,17200,chrome,0.999999,Normal Traffic,35
2026-01-21 20:13:09,17200,chrome,0.999998,Normal Traffic,13
2026-01-21 20:13:10,17200,chrome,1.000000,Normal Traffic,25
2026-01-21 20:13:13,17200,chrome,1.000000,Normal Traffic,22
2026-01-21 20:13:17,17200,chrome,0.999999,Normal Traffic,195
2026-01-21 20:13:17,16408,chrome,0.999999,Normal Traffic,7
2026-01-21 20:13:17,6948,nvcontainer,0.999999,Normal Traffic,5
2026-01-21 20:13:17,22020,brave,0.999997,Normal Traffic,4
2026-01-21 20:13:17,2288,svchost,0.999997,Normal Traffic,4
2026-01-21 20:13:17,21728,brave,0.999997,Normal Traffic,4
2026-01-21 20:13:17,5024,msedge,0.999997,Normal Traffic,4
2026-01-21 20:13:26,17200,chrome,1.000000,Normal Traffic,62
2026-01-21 20:13:27,17200,chrome,0.999962,Normal Traffic,254
2026-01-21 20:13:29,8708,Code,0.999974,Normal Traffic,12
2026-01-21 20:13:32,16396,msedgewebview2,0.999997,Normal Traffic,34
2026-01-21 20:13:37,23116,Code,0.999996,Normal Traffic,10
2026-01-21 20:13:38,17200,chrome,0.999999,Normal Traffic,495
2026-01-21 20:13:39,17200,chrome,1.000000,Normal Traffic,30
2026-01-21 20:13:39,22020,brave,0.999995,Normal Traffic,21
2026-01-21 20:13:45,8708,Code,0.999994,Normal Traffic,1
2026-01-21 20:13:52,23116,Code,0.999994,Normal Traffic,27
2026-01-21 20:14:01,17200,chrome,0.999999,Normal Traffic,65
2026-01-21 20:14:09,5868,svchost,0.999996,Normal Traffic,3
2026-01-21 20:14:09,5868,svchost,0.999996,Normal Traffic,3
2026-01-21 20:14:11,10644,warp-svc,0.999997,Normal Traffic,14
2026-01-21 20:14:15,12976,svchost,0.999999,Normal Traffic,3
2026-01-21 20:14:16,12804,SearchHost,0.999996,Normal Traffic,79
2026-01-21 20:14:17,17200,chrome,1.000000,Normal Traffic,55
2026-01-21 20:14:17,20600,Wireshark,1.000000,Normal Traffic,1
2026-01-21 20:14:20,17200,chrome,0.999995,Normal Traffic,24
2026-01-21 20:14:21,17200,chrome,0.999966,Normal Traffic,3000
2026-01-21 20:14:28,17200,chrome,0.999997,Normal Traffic,87
2026-01-21 20:14:29,17200,chrome,0.999964,Normal Traffic,3000
2026-01-21 20:14:40,17200,chrome,0.999978,Normal Traffic,3000
2026-01-21 20:14:44,17200,chrome,0.999988,Normal Traffic,27
2026-01-21 20:14:47,6212,svchost,0.999997,Normal Traffic,13
2026-01-21 20:14:50,17200,chrome,0.999976,Normal Traffic,335
2026-01-21 20:14:50,17200,chrome,0.999999,Normal Traffic,102
2026-01-21 20:14:52,17200,chrome,0.999999,Normal Traffic,44
2026-01-21 20:15:11,4,System,0.999973,Normal Traffic,2
2026-01-21 20:15:11,4,System,0.999991,Normal Traffic,2
2026-01-21 20:15:20,17200,chrome,0.999999,Normal Traffic,932
2026-01-21 20:15:22,17200,chrome,0.999993,Normal Traffic,15
2026-01-21 20:15:23,17200,chrome,0.999996,Normal Traffic,45
2026-01-21 20:15:25,17200,chrome,0.999997,Normal Traffic,204
2026-01-21 20:15:27,22020,brave,0.999998,Normal Traffic,11
2026-01-21 20:15:34,17200,chrome,0.999992,Normal Traffic,349
2026-01-21 20:15:39,26056,python,0.605103,Normal Traffic,14
2026-01-21 20:15:45,17200,chrome,0.999999,Normal Traffic,555
2026-01-21 20:15:52,17200,chrome,0.999961,Normal Traffic,2900
2026-01-21 20:15:54,22020,brave,0.999991,Normal Traffic,8
2026-01-21 20:15:57,2504,svchost,0.587369,Normal Traffic,268
2026-01-21 20:16:05,17200,chrome,0.999985,Normal Traffic,1747
2026-01-21 20:16:08,17200,chrome,0.999995,Normal Traffic,717
2026-01-21 20:16:08,17200,chrome,0.999987,Normal Traffic,5
2026-01-21 20:16:29,22020,brave,0.999999,Normal Traffic,2
2026-01-21 20:16:29,22020,brave,0.999998,Normal Traffic,1
2026-01-21 20:16:29,22020,brave,1.000000,Normal Traffic,6
2026-01-21 20:16:30,24700,msedge,0.999996,Normal Traffic,2
2026-01-21 20:16:34,15448,Widgets,0.999990,Normal Traffic,16
2026-01-21 20:16:37,23116,Code,0.999995,Normal Traffic,7
2026-01-21 20:16:43,22020,brave,0.999987,Normal Traffic,3000
2026-01-21 20:16:49,22020,brave,0.999983,Normal Traffic,3000
2026-01-21 20:16:56,19668,LestaErrorMonitor,0.999997,Normal Traffic,7
2026-01-21 20:16:58,10404,lgc,0.999998,Normal Traffic,10
2026-01-21 20:17:11,10992,gamingservices,0.999981,Normal Traffic,9
2026-01-21 20:17:15,8708,Code,0.999994,Normal Traffic,24
2026-01-21 20:17:19,21640,EXCEL,0.999994,Normal Traffic,9
2026-01-21 20:17:43,13496,Hiddify,0.999996,Normal Traffic,7
2026-01-21 20:17:50,22020,brave,0.999989,Normal Traffic,8
2026-01-21 20:17:51,22020,brave,0.999992,Normal Traffic,56
2026-01-21 20:17:52,22020,brave,0.999995,Normal Traffic,5
2026-01-21 20:17:58,22020,brave,0.999995,Normal Traffic,18
2026-01-21 20:18:00,22020,brave,0.999997,Normal Traffic,21
2026-01-21 20:18:10,10644,warp-svc,0.999998,Normal Traffic,8
2026-01-21 20:18:11,22020,brave,0.999984,Normal Traffic,903
2026-01-21 20:18:11,22020,brave,0.999997,Normal Traffic,26
2026-01-21 20:18:12,22020,brave,0.999999,Normal Traffic,20
2026-01-21 20:18:13,22020,brave,0.999999,Normal Traffic,177
2026-01-21 20:18:13,22020,brave,0.999999,Normal Traffic,27
2026-01-21 20:18:15,22020,brave,0.999995,Normal Traffic,11
2026-01-21 20:18:15,22020,brave,0.999998,Normal Traffic,2
2026-01-21 20:18:15,22020,brave,0.999985,Normal Traffic,1
2026-01-21 20:18:17,22020,brave,0.999996,Normal Traffic,14
2026-01-21 20:18:24,15448,Widgets,0.999907,Normal Traffic,2
2026-01-21 20:18:25,2224,LestaErrorMonitor,0.999999,Normal Traffic,33
2026-01-21 20:18:27,22020,brave,0.999999,Normal Traffic,603
2026-01-21 20:18:28,22020,brave,0.999987,Normal Traffic,2948
2026-01-21 20:18:30,10404,lgc,0.999998,Normal Traffic,10
2026-01-21 20:18:31,22020,brave,0.999996,Normal Traffic,1333
2026-01-21 20:18:34,10404,lgc,1.000000,Normal Traffic,27
2026-01-21 20:18:35,8708,Code,0.999970,Normal Traffic,18
2026-01-21 20:18:45,8708,Code,0.999994,Normal Traffic,1
2026-01-21 20:18:55,22020,brave,0.999987,Normal Traffic,17
2026-01-21 20:19:10,10644,warp-svc,0.999978,Normal Traffic,2
